{
    "Mean Squared Error": 329.6169697245981,
    "Mean Absolute Error": 7.753210113124413,
    "R-squared": 0.8025256217277357
}